Filetype	Count	Bytes
pdf	42	75999692
torrent	2	43369
zip	107	499621762
csv	7	11005
pptx	2	1435823
deb	17	419911690
xlsx	20	1782723
gz	13	391916656
epub	3	2109018
properties	166	591513
class	88	205057
fxml	36	357082
java	631	4804024
xml	2384	10618768
txt	152	1386491
mf	31	15623
jar	2017	1003022705
html	174	4819392
jnlp	13	16030
docx	4	20320226
install	1	14501506
jpg	151	15510181
png	1031	48733655
tar	1	2835456
mp4	29	2985924880
cda	7	308
dat	7	1836476
md	112	1268597
sh	28	327744754
rb	2	480
rar	3	345664584
pgsql	1	106647982
iso	1	1921843200
ipynb	1	607
0	10	103050
css	564	7247736
dll	14	2752763
description	3	237
so	223	373994394
dylib	2	21689
js	1264	36390806
json	23	15626955
exe	10	5677582
icns	3	219611
conf	4	11338
plist	1	1559
bat	17	25378
0w	2	8192
sl	4	314032
map	7	183656
jnilib	3	551244
xsl	236	5372365
cmd	6	19973
py	11	75416
pl	14	556995
clusters	2	1086
import	1	8599
license	32	438769
gif	169	342768
ks	1	817
php	1093	16115438
gradle	6	4337
1	104	2230513
7	1	14397
ods	1	23303
pem	2	3350
cnf	1	1490
cfg	5	4432
pm	13	469775
ini	3	2880
guess	1	44169
tcl	2	67566
gpg	3	6021
po	27	1651035
pot	4	96199
profile	2	5041
tl	1	5086
ctan	1	2098
log	4	5417875
obj	9	2473867
mtl	4	993
tga	1	4194348
scss	66	216725
woff	14	1054200
ttf	26	5057764
eot	14	833376
drawio	1	2215
wav	12	177060044
vmoptions	1	2195
compiler	5	20480
http	2	8192
swing	2	8192
ec	2	8192
ed	2	8192
attach	2	8192
logging	2	8192
sctp	2	8192
media	2	8192
sql	6	188835953
base	4	16384
management	6	24576
agent	5	20480
controls	2	8192
auth	2	8192
httpserver	2	8192
smartcardio	2	8192
naming	2	8192
instrument	2	8192
charsets	2	8192
aot	2	8192
crypto	2	8192
zipfs	2	8192
pack	2	8192
jfr	6	5577476
jsobject	2	8192
net	2	8192
desktop	8	19028
xa	2	8192
rmi	6	24576
nashorn	2	8192
localedata	2	8192
datatransfer	2	8192
graphics	2	8192
dom	2	8192
jvmstat	2	8192
prefs	2	8192
sasl	2	8192
cryptoki	2	8192
scripting	2	8192
jgss	4	16384
dynalink	2	8192
unsupported	2	8192
dns	2	8192
accessibility	2	8192
web	2	8192
rowset	2	8192
shell	2	8192
le	2	8192
se	2	8192
ci	2	8192
ja	3	10382
jfc	6	160060
policy	16	28802
certs	3	3779
template	6	20522
access	3	11992
security	3	141790
h	24	609483
adoc	19	20993
svg	63	783468
jade	64	44407
haml	35	26046
slim	37	24129
dtd	2	2551
ent	1	8432
tif	5	6868
xsd	3	762014
otf	1	75188
ico	2	101852
dict	19	14426583
info	20	50637
cvs	1	436
readme	1	59418
bsd	1	1429
0_212	1	4096
au	26	203251
si	1	381
cfs	1	2287509
cfe	1	363
dae	8	1154205
wsdl	2	4990870
2	5	51448
defs	3	2884
gmk	5	5366
c	2	6930
cpp	1	8859
war	3	200278
aux	2	71338
tex	3	176804
out	2	60704
lyx	2	486871
toc	1	12547
odt	1	22178173
0_202	1	4096
bfc	6	28862
pf	5	330530
src	6	62259
libraries	1	0
dir	2	6156
mo	24	102029
big5	1	4096
gbk	1	4096
big5hk	1	4096
data	1	4134
ui	2	10617
idl	2	19072
sym	2	25017606
xpm	1	33782
174165	10	3944128
exsd	11	81179
rsa	11	85980
sf	11	8608
htm	5	34237
update	1	4096
simpleconfigurator	1	4096
inf	8	456
v20140623020002	2	8192
engine	1	4096
core	1	4096
xml_hidden	16	0
cgi	1	1809
jdeps	1	4096
javadoc	1	4096
jdi	1	4096
rmic	1	4096
jlink	1	4096
jartool	1	4096
jcmd	1	4096
opt	1	4096
jstatd	1	4096
jshell	1	4096
editpad	1	4096
jconsole	1	4096
jmod	70	82382487
jsa	1	12247040
4	1	4096
in	1	34
pyc	2	2172
xcf	1	328307
com	1	4096
dist	1	4896
crt	1	279564
